6581; 0
6; 66
1; 346
0; 1758
1; 3668
0; 6033
1; 7186
2; 7195
0; 6575
0; 5292
0; 3709
0; 2410
0; 1461
0; 802
1; 411
0; 187
0; 91
0; 42
0; 23
0; 14
0; 7
0; 6
0; 7
1; 4
0; 0
0; 2
0; 1
0; 1
0; 0
0; 0
0; 1
0; 1
0; 1
0; 0
0; 0
0; 0
0; 0
0; 0
0; 0
0; 0
0; 0
0; 0
1; 0
0; 0
0; 1
0; 0
0; 0
0; 0
0; 0
0; 0
0; 0
0; 0
0; 0
0; 0
0; 0
0; 0
0; 0
0; 0
0; 0
0; 0
0; 0
0; 0
0; 0
0; 0
0; 0
0; 0
1; 0
0; 0
0; 0
0; 0
0; 0
0; 0
0; 0
0; 0
0; 0
0; 0
0; 0
0; 0
0; 0
0; 0
0; 0
0; 0
0; 0
0; 0
0; 0
0; 0
0; 0
0; 0
0; 0
0; 0
0; 0
1; 0
0; 0
0; 0
0; 0
0; 0
0; 0
0; 0
0; 0
0; 0
0; 0
0; 0
0; 0
0; 0
0; 0
0; 0
0; 0
0; 0
0; 0
0; 0
0; 0
0; 0
0; 0
0; 0
0; 0
0; 0
0; 0
0; 0
0; 0
0; 0
0; 0
0; 0
0; 0
0; 0
0; 0
0; 0
0; 0
0; 0
0; 0
0; 0
0; 0
0; 0
0; 0
0; 0
0; 0
0; 0
0; 0
0; 0
0; 0
0; 0
0; 0
0; 0
0; 0
0; 0
0; 0
0; 0
0; 0
0; 0
0; 0
0; 0
0; 0
0; 0
0; 0
0; 0
0; 0
0; 0
0; 0
0; 0
0; 0
0; 0
0; 0
0; 0
0; 0
0; 0
0; 0
0; 0
0; 0
0; 0
0; 0
0; 0
0; 0
0; 0
0; 0
0; 0
0; 0
0; 0
0; 0
0; 0
0; 0
0; 0
0; 0
0; 0
0; 0
0; 0
0; 0
0; 0
0; 0
1; 0
0; 0
0; 0
0; 0
0; 0
0; 0
0; 0
0; 0
0; 0
0; 0
0; 0
0; 0
0; 0
0; 0
0; 0
0; 0
0; 0
0; 0
0; 0
0; 0
0; 0
0; 0
0; 0
0; 0
0; 0
0; 0
0; 0
0; 0
0; 0
0; 0
0; 0
0; 0
0; 0
0; 0
0; 0
0; 0
0; 0
0; 0
0; 0
0; 0
0; 0
0; 0
0; 0
0; 0
0; 0
0; 0
0; 0
0; 0
0; 0
0; 0
0; 0
0; 0
0; 0
0; 0
0; 0
0; 0
0; 0
0; 0
0; 0
0; 0
0; 0
0; 0
0; 0
0; 0
0; 0
0; 0
0; 0
0; 0
0; 0
0; 0
0; 0
0; 0
0; 0
0; 0
0; 0
0; 0
0; 0
0; 0
0; 0
0; 0
0; 0
0; 0
0; 0
0; 0
0; 0
0; 0
0; 0
0; 0
0; 0
0; 0
0; 0
0; 0
0; 0
0; 0
0; 0
0; 0
0; 0
0; 0
0; 0
0; 0
0; 0
0; 0
0; 0
0; 0
0; 0
0; 0
0; 0
0; 0
0; 0
0; 0
0; 0
0; 0
0; 0
0; 0
0; 0
0; 0
0; 0
0; 0
0; 0
0; 0
0; 0
0; 0
0; 0
0; 0
0; 0
0; 0
0; 0
0; 0
0; 0
0; 0
0; 0
0; 0
0; 0
0; 0
0; 0
0; 0
0; 0
0; 0
0; 0
0; 0
0; 0
0; 0
0; 0
0; 0
0; 0
0; 0
0; 0
0; 0
0; 0
0; 0
0; 0
0; 0
0; 0
0; 0
0; 0
0; 0
0; 0
0; 0
0; 0
1; 0
0; 0
0; 0
0; 0
0; 0
0; 0
0; 0
0; 0
0; 0
0; 0
0; 0
0; 0
0; 0
0; 0
0; 0
0; 0
0; 0
0; 0
0; 0
0; 0
0; 0
0; 0
0; 0
0; 0
0; 0
0; 0
0; 0
0; 0
0; 0
0; 0
0; 0
0; 0
0; 0
0; 0
0; 0
0; 0
0; 0
0; 0
0; 0
0; 0
0; 0
0; 0
0; 0
0; 0
0; 0
0; 0
0; 0
0; 0
0; 0
0; 0
0; 0
0; 0
0; 0
0; 0
0; 0
0; 0
0; 0
0; 0
0; 0
0; 0
0; 0
0; 0
0; 0
0; 0
0; 0
1; 0
0; 0
0; 0
0; 0
0; 0
0; 0
0; 0
0; 0
0; 0
0; 0
0; 0
0; 0
0; 0
0; 0
0; 0
0; 0
0; 0
0; 0
0; 0
0; 0
0; 0
0; 0
0; 0
0; 0
0; 0
0; 0
0; 0
0; 0
0; 0
0; 0
0; 0
0; 0
0; 0
0; 0
0; 0
0; 0
0; 0
0; 0
0; 0
0; 0
0; 0
0; 0
0; 0
0; 0
0; 0
0; 0
0; 0
0; 0
0; 0
0; 0
0; 0
0; 0
0; 0
0; 0
0; 0
0; 0
0; 0
0; 0
0; 0
0; 0
0; 0
0; 0
0; 0
0; 0
0; 0
0; 0
0; 0
0; 0
0; 0
0; 0
0; 0
0; 0
0; 0
0; 0
0; 0
0; 0
0; 0
0; 0
0; 0
0; 0
0; 0
0; 0
0; 0
0; 0
0; 0
0; 0
0; 0
0; 0
0; 0
0; 0
0; 0
0; 0
0; 0
0; 0
0; 0
0; 0
0; 0
0; 0
0; 0
0; 0
0; 0
0; 0
0; 0
0; 0
0; 0
0; 0
0; 0
0; 0
0; 0
0; 0
0; 0
0; 0
0; 0
0; 0
0; 0
0; 0
0; 0
0; 0
0; 0
0; 0
0; 0
0; 0
0; 0
0; 0
0; 0
0; 0
0; 0
0; 0
0; 0
0; 0
0; 0
0; 0
0; 0
0; 0
0; 0
0; 0
0; 0
0; 0
0; 0
0; 0
0; 0
0; 0
0; 0
0; 0
0; 0
0; 0
0; 0
0; 0
0; 0
0; 0
0; 0
0; 0
0; 0
0; 0
0; 0
0; 0
0; 0
0; 0
0; 0
0; 0
0; 0
0; 0
0; 0
0; 0
0; 0
0; 0
0; 0
0; 0
0; 0
0; 0
0; 0
0; 0
0; 0
0; 0
0; 0
0; 0
0; 0
0; 0
0; 0
0; 0
0; 0
0; 0
0; 0
0; 0
0; 0
0; 0
0; 0
0; 0
0; 0
0; 0
0; 0
0; 0
0; 0
0; 0
0; 0
0; 0
0; 0
0; 0
0; 0
0; 0
0; 0
0; 0
0; 0
0; 0
0; 0
0; 0
0; 0
0; 0
0; 0
0; 0
0; 0
0; 0
0; 0
0; 0
0; 0
0; 0
0; 0
0; 0
0; 0
0; 0
0; 0
0; 0
0; 0
0; 0
0; 0
0; 0
0; 0
0; 0
0; 0
0; 0
0; 0
0; 0
0; 0
0; 0
0; 0
0; 0
0; 0
0; 0
0; 0
0; 0
0; 0
0; 0
0; 0
0; 0
0; 0
0; 0
0; 0
0; 0
0; 0
0; 0
0; 0
0; 0
0; 0
0; 0
0; 0
0; 0
0; 0
0; 0
0; 0
0; 0
0; 0
0; 0
0; 0
0; 0
0; 0
0; 0
0; 0
0; 0
0; 0
0; 0
0; 0
0; 0
0; 0
0; 0
0; 0
0; 0
0; 0
0; 0
0; 0
0; 0
0; 0
0; 0
0; 0
0; 0
0; 0
0; 0
0; 0
0; 0
0; 0
0; 0
0; 0
0; 0
0; 0
0; 0
0; 0
0; 0
0; 0
0; 0
0; 0
0; 0
0; 0
0; 0
0; 0
0; 0
0; 0
0; 0
0; 0
0; 0
0; 0
0; 0
0; 0
0; 0
0; 0
0; 0
0; 0
0; 0
0; 0
0; 0
0; 0
0; 0
0; 0
0; 0
0; 0
0; 0
0; 0
0; 0
0; 0
0; 0
0; 0
0; 0
0; 0
0; 0
0; 0
0; 0
0; 0
0; 0
0; 0
0; 0
0; 0
0; 0
0; 0
0; 0
0; 0
0; 0
0; 0
0; 0
0; 0
0; 0
0; 0
0; 0
0; 0
0; 0
0; 0
0; 0
0; 0
0; 0
0; 0
0; 0
0; 0
0; 0
0; 0
0; 0
0; 0
0; 0
0; 0
0; 0
0; 0
0; 0
0; 0
0; 0
0; 0
0; 0
0; 0
0; 0
0; 0
0; 0
0; 0
0; 0
0; 0
0; 0
0; 0
0; 0
0; 0
0; 0
0; 0
0; 0
0; 0
0; 0
0; 0
0; 0
0; 0
1; 0
0; 0
0; 0
0; 0
0; 0
0; 0
0; 0
0; 0
0; 0
0; 0
0; 0
0; 0
0; 0
0; 0
0; 0
0; 0
0; 0
0; 0
0; 0
0; 0
0; 0
0; 0
0; 0
0; 0
0; 0
0; 0
0; 0
0; 0
0; 0
0; 0
0; 0
0; 0
0; 0
0; 0
0; 0
0; 0
0; 0
0; 0
0; 0
0; 0
0; 0
0; 0
0; 0
0; 0
0; 0
0; 0
0; 0
0; 0
0; 0
0; 0
0; 0
0; 0
0; 0
0; 0
0; 0
0; 0
0; 0
0; 0
0; 0
0; 0
0; 0
0; 0
0; 0
0; 0
0; 0
0; 0
0; 0
0; 0
0; 0
0; 0
0; 0
0; 0
0; 0
0; 0
0; 0
0; 0
0; 0
0; 0
0; 0
0; 0
0; 0
0; 0
0; 0
0; 0
0; 0
0; 0
0; 0
0; 0
0; 0
0; 0
0; 0
0; 0
0; 0
0; 0
0; 0
0; 0
0; 0
0; 0
0; 0
0; 0
0; 0
0; 0
0; 0
0; 0
0; 0
0; 0
0; 0
0; 0
0; 0
0; 0
0; 0
0; 0
0; 0
0; 0
0; 0
0; 0
0; 0
0; 0
0; 0
0; 0
0; 0
0; 0
0; 0
0; 0
0; 0
0; 0
0; 0
0; 0
0; 0
0; 0
0; 0
0; 0
0; 0
0; 0
0; 0
0; 0
0; 0
0; 0
0; 0
0; 0
0; 0
0; 0
0; 0
0; 0
0; 0
0; 0
0; 0
0; 0
0; 0
0; 0
0; 0
0; 0
0; 0
0; 0
0; 0
0; 0
0; 0
0; 0
0; 0
0; 0
0; 0
0; 0
0; 0
0; 0
0; 0
0; 0
0; 0
0; 0
0; 0
0; 0
0; 0
0; 0
0; 0
0; 0
0; 0
0; 0
0; 0
0; 0
0; 0
0; 0
0; 0
0; 0
0; 0
0; 0
0; 0
0; 0
0; 0
0; 0
0; 0
0; 0
0; 0
0; 0
0; 0
0; 0
0; 0
0; 0
0; 0
0; 0
0; 0
0; 0
0; 0
0; 0
0; 0
0; 0
0; 0
0; 0
0; 0
0; 0
0; 0
0; 0
0; 0
0; 0
0; 0
0; 0
0; 0
0; 0
0; 0
0; 0
0; 0
0; 0
0; 0
0; 0
0; 0
0; 0
0; 0
0; 0
0; 0
0; 0
0; 0
0; 0
0; 0
0; 0
0; 0
0; 0
0; 0
0; 0
0; 0
0; 0
0; 0
0; 0
0; 0
0; 0
0; 0
0; 0
0; 0
0; 0
0; 0
0; 0
0; 0
0; 0
0; 0
0; 0
0; 0
0; 0
0; 0
0; 0
0; 0
0; 0
0; 0
0; 0
0; 0
0; 0
0; 0
0; 0
0; 0
0; 0
0; 0
0; 0
0; 0
0; 0
0; 0
0; 0
0; 0
0; 0
0; 0
0; 0
0; 0
0; 0
0; 0
0; 0
0; 0
0; 0
0; 0
0; 0
0; 0
0; 0
0; 0
0; 0
0; 0
0; 0
0; 0
0; 0
0; 0
0; 0
0; 0
0; 0
0; 0
0; 0
0; 0
0; 0
0; 0
0; 0
0; 0
0; 0
0; 0
0; 0
0; 0
0; 0
0; 0
0; 0
0; 0
0; 0
0; 0
0; 0
0; 0
0; 0
0; 0
0; 0
0; 0
0; 0
0; 0
0; 0
0; 0
0; 0
0; 0
0; 0
0; 0
0; 0
0; 0
0; 0
0; 0
0; 0
0; 0
0; 0
0; 0
0; 0
0; 0
0; 0
0; 0
0; 0
0; 0
0; 0
0; 0
0; 0
0; 0
0; 0
0; 0
0; 0
0; 0
0; 0
0; 0
0; 0
0; 0
0; 0
0; 0
0; 0
0; 0
0; 0
0; 0
0; 0
0; 0
0; 0
0; 0
0; 0
0; 0
0; 0
0; 0
0; 0
0; 0
0; 0
0; 0
0; 0
0; 0
0; 0
0; 0
0; 0
0; 0
0; 0
0; 0
0; 0
0; 0
0; 0
0; 0
0; 0
0; 0
0; 0
0; 0
0; 0
0; 0
0; 0
0; 0
0; 0
0; 0
0; 0
0; 0
0; 0
0; 0
0; 0
0; 0
0; 0
0; 0
0; 0
0; 0
0; 0
0; 0
0; 0
0; 0
0; 0
0; 0
0; 0
0; 0
0; 0
0; 0
0; 0
0; 0
0; 0
0; 0
0; 0
0; 0
0; 0
0; 0
0; 0
0; 0
0; 0
0; 0
0; 0
0; 0
0; 0
0; 0
0; 0
0; 0
0; 0
0; 0
0; 0
0; 0
0; 0
0; 0
0; 0
0; 0
0; 0
0; 0
0; 0
0; 0
0; 0
0; 0
0; 0
0; 0
0; 0
0; 0
0; 0
0; 0
0; 0
0; 0
0; 0
0; 0
0; 0
0; 0
0; 0
0; 0
0; 0
0; 0
0; 0
0; 0
0; 0
0; 0
0; 0
0; 0
0; 0
0; 0
0; 0
0; 0
0; 0
0; 0
0; 0
0; 0
0; 0
0; 0
0; 0
0; 0
0; 0
0; 0
0; 0
0; 0
0; 0
0; 0
0; 0
0; 0
0; 0
0; 0
0; 0
0; 0
0; 0
0; 0
0; 0
0; 0
0; 0
0; 0
0; 0
0; 0
0; 0
0; 0
0; 0
0; 0
0; 0
0; 0
0; 0
0; 0
0; 0
0; 0
0; 0
0; 0
0; 0
0; 0
0; 0
0; 0
0; 0
0; 0
0; 0
0; 0
0; 0
0; 0
0; 0
0; 0
0; 0
0; 0
0; 0
0; 0
0; 0
0; 0
0; 0
0; 0
0; 0
0; 0
0; 0
0; 0
0; 0
0; 0
0; 0
0; 0
0; 0
0; 0
0; 0
0; 0
0; 0
0; 0
0; 0
0; 0
0; 0
0; 0
0; 0
0; 0
0; 0
0; 0
0; 0
0; 0
0; 0
0; 0
0; 0
0; 0
0; 0
0; 0
0; 0
0; 0
0; 0
0; 0
0; 0
0; 0
0; 0
0; 0
0; 0
0; 0
0; 0
0; 0
0; 0
0; 0
0; 0
0; 0
0; 0
0; 0
0; 0
0; 0
0; 0
0; 0
0; 0
0; 0
0; 0
0; 0
0; 0
0; 0
0; 0
0; 0
0; 0
0; 0
0; 0
0; 0
0; 0
0; 0
0; 0
0; 0
0; 0
0; 0
0; 0
0; 0
0; 0
0; 0
0; 0
0; 0
0; 0
0; 0
0; 0
0; 0
0; 0
0; 0
0; 0
0; 0
0; 0
0; 0
0; 0
0; 0
0; 0
0; 0
0; 0
0; 0
0; 0
0; 0
0; 0
0; 0
0; 0
0; 0
0; 0
0; 0
0; 0
0; 0
0; 0
0; 0
0; 0
0; 0
0; 0
0; 0
0; 0
0; 0
0; 0
0; 0
0; 0
0; 0
0; 0
0; 0
0; 0
0; 0
0; 0
0; 0
0; 0
0; 0
0; 0
0; 0
0; 0
0; 0
0; 0
0; 0
1; 0
0; 0
0; 0
0; 0
0; 0
0; 0
0; 0
0; 0
0; 0
0; 0
0; 0
0; 0
0; 0
0; 0
0; 0
0; 0
0; 0
0; 0
0; 0
0; 0
0; 0
0; 0
0; 0
0; 0
0; 0
0; 0
0; 0
0; 0
0; 0
0; 0
0; 0
0; 0
0; 0
0; 0
0; 0
0; 0
0; 0
0; 0
0; 0
0; 0
0; 0
0; 0
0; 0
0; 0
0; 0
0; 0
0; 0
0; 0
0; 0
0; 0
0; 0
0; 0
0; 0
0; 0
0; 0
0; 0
0; 0
0; 0
0; 0
0; 0
0; 0
0; 0
0; 0
0; 0
0; 0
0; 0
0; 0
0; 0
0; 0
0; 0
0; 0
0; 0
0; 0
0; 0
0; 0
0; 0
0; 0
0; 0
0; 0
0; 0
0; 0
0; 0
0; 0
0; 0
0; 0
0; 0
0; 0
0; 0
0; 0
0; 0
0; 0
0; 0
0; 0
0; 0
0; 0
0; 0
0; 0
0; 0
0; 0
0; 0
0; 0
0; 0
0; 0
0; 0
0; 0
0; 0
0; 0
0; 0
0; 0
0; 0
0; 0
0; 0
0; 0
0; 0
0; 0
0; 0
0; 0
0; 0
0; 0
0; 0
0; 0
0; 0
0; 0
0; 0
0; 0
0; 0
0; 0
0; 0
0; 0
0; 0
0; 0
0; 0
0; 0
0; 0
0; 0
0; 0
0; 0
0; 0
0; 0
0; 0
0; 0
0; 0
0; 0
0; 0
0; 0
0; 0
0; 0
0; 0
0; 0
0; 0
0; 0
0; 0
0; 0
0; 0
0; 0
0; 0
0; 0
0; 0
0; 0
0; 0
0; 0
0; 0
0; 0
0; 0
0; 0
0; 0
0; 0
0; 0
0; 0
0; 0
0; 0
0; 0
0; 0
0; 0
0; 0
0; 0
0; 0
0; 0
0; 0
0; 0
0; 0
0; 0
0; 0
0; 0
0; 0
0; 0
0; 0
0; 0
0; 0
0; 0
0; 0
0; 0
0; 0
0; 0
0; 0
0; 0
0; 0
0; 0
0; 0
0; 0
0; 0
0; 0
0; 0
0; 0
0; 0
0; 0
0; 0
0; 0
0; 0
0; 0
0; 0
0; 0
0; 0
0; 0
0; 0
0; 0
0; 0
0; 0
0; 0
0; 0
0; 0
0; 0
0; 0
0; 0
0; 0
0; 0
0; 0
0; 0
0; 0
0; 0
0; 0
0; 0
0; 0
0; 0
0; 0
0; 0
0; 0
0; 0
0; 0
0; 0
0; 0
0; 0
0; 0
0; 0
0; 0
0; 0
0; 0
0; 0
0; 0
0; 0
0; 0
0; 0
0; 0
0; 0
0; 0
0; 0
0; 0
0; 0
0; 0
0; 0
0; 0
0; 0
0; 0
0; 0
0; 0
0; 0
0; 0
0; 0
0; 0
0; 0
0; 0
0; 0
0; 0
0; 0
0; 0
0; 0
0; 0
0; 0
0; 0
0; 0
0; 0
0; 0
0; 0
0; 0
0; 0
0; 0
0; 0
0; 0
0; 0
0; 0
0; 0
0; 0
0; 0
0; 0
0; 0
0; 0
0; 0
1; 0
0; 0
0; 0
0; 0
0; 0
0; 0
0; 0
0; 0
0; 0
0; 0
0; 0
0; 0
0; 0
0; 0
0; 0
0; 0
0; 0
0; 0
0; 0
0; 0
0; 0
0; 0
0; 0
0; 0
0; 0
0; 0
0; 0
0; 0
0; 0
0; 0
0; 0
0; 0
0; 0
0; 0
0; 0
0; 0
0; 0
0; 0
0; 0
0; 0
0; 0
0; 0
0; 0
0; 0
0; 0
0; 0
0; 0
0; 0
0; 0
0; 0
0; 0
0; 0
0; 0
0; 0
0; 0
0; 0
0; 0
0; 0
0; 0
0; 0
0; 0
0; 0
0; 0
0; 0
0; 0
0; 0
0; 0
0; 0
0; 0
0; 0
0; 0
0; 0
0; 0
0; 0
0; 0
0; 0
0; 0
0; 0
0; 0
0; 0
0; 0
0; 0
0; 0
0; 0
0; 0
0; 0
0; 0
0; 0
0; 0
0; 0
0; 0
0; 0
0; 0
0; 0
0; 0
0; 0
0; 0
0; 0
0; 0
0; 0
0; 0
0; 0
0; 0
0; 0
0; 0
0; 0
0; 0
0; 0
0; 0
0; 0
0; 0
0; 0
0; 0
0; 0
0; 0
0; 0
0; 0
0; 0
0; 0
0; 0
0; 0
0; 0
0; 0
0; 0
0; 0
0; 0
0; 0
0; 0
0; 0
0; 0
0; 0
0; 0
0; 0
0; 0
0; 0
0; 0
0; 0
0; 0
0; 0
0; 0
0; 0
0; 0
0; 0
0; 0
0; 0
0; 0
0; 0
0; 0
0; 0
0; 0
0; 0
0; 0
0; 0
0; 0
0; 0
0; 0
0; 0
0; 0
0; 0
0; 0
0; 0
0; 0
0; 0
0; 0
0; 0
0; 0
0; 0
0; 0
0; 0
0; 0
0; 0
0; 0
0; 0
0; 0
0; 0
0; 0
0; 0
0; 0
0; 0
0; 0
0; 0
0; 0
0; 0
0; 0
0; 0
0; 0
0; 0
0; 0
0; 0
0; 0
0; 0
0; 0
0; 0
0; 0
0; 0
0; 0
0; 0
0; 0
0; 0
0; 0
0; 0
0; 0
0; 0
0; 0
0; 0
0; 0
0; 0
0; 0
0; 0
0; 0
0; 0
0; 0
0; 0
0; 0
0; 0
0; 0
0; 0
0; 0
0; 0
0; 0
0; 0
0; 0
0; 0
0; 0
0; 0
0; 0
0; 0
0; 0
0; 0
0; 0
0; 0
0; 0
0; 0
0; 0
0; 0
0; 0
0; 0
0; 0
0; 0
0; 0
0; 0
0; 0
0; 0
0; 0
0; 0
0; 0
0; 0
0; 0
0; 0
0; 0
0; 0
0; 0
0; 0
0; 0
0; 0
0; 0
0; 0
0; 0
0; 0
0; 0
0; 0
0; 0
0; 0
0; 0
0; 0
0; 0
0; 0
0; 0
0; 0
0; 0
0; 0
0; 0
0; 0
0; 0
0; 0
0; 0
0; 0
0; 0
0; 0
0; 0
0; 0
0; 0
0; 0
0; 0
0; 0
0; 0
0; 0
0; 0
0; 0
0; 0
0; 0
0; 0
0; 0
0; 0
0; 0
0; 0
0; 0
0; 0
0; 0
0; 0
0; 0
0; 0
0; 0
0; 0
0; 0
0; 0
0; 0
0; 0
0; 0
0; 0
0; 0
0; 0
0; 0
0; 0
0; 0
0; 0
0; 0
0; 0
0; 0
0; 0
0; 0
0; 0
0; 0
0; 0
0; 0
0; 0
0; 0
0; 0
0; 0
0; 0
0; 0
0; 0
0; 0
0; 0
0; 0
0; 0
0; 0
0; 0
0; 0
0; 0
0; 0
0; 0
0; 0
0; 0
0; 0
0; 0
0; 0
0; 0
0; 0
0; 0
0; 0
0; 0
0; 0
0; 0
0; 0
0; 0
0; 0
0; 0
0; 0
0; 0
0; 0
0; 0
0; 0
0; 0
0; 0
0; 0
0; 0
0; 0
0; 0
0; 0
0; 0
0; 0
0; 0
0; 0
0; 0
0; 0
0; 0
0; 0
0; 0
0; 0
0; 0
0; 0
0; 0
0; 0
0; 0
0; 0
0; 0
0; 0
0; 0
0; 0
0; 0
0; 0
0; 0
0; 0
0; 0
0; 0
0; 0
0; 0
0; 0
0; 0
0; 0
0; 0
0; 0
0; 0
0; 0
0; 0
0; 0
0; 0
0; 0
0; 0
0; 0
0; 0
0; 0
0; 0
0; 0
0; 0
0; 0
0; 0
0; 0
0; 0
0; 0
0; 0
0; 0
0; 0
0; 0
0; 0
0; 0
0; 0
0; 0
0; 0
0; 0
0; 0
0; 0
0; 0
0; 0
0; 0
0; 0
0; 0
0; 0
0; 0
0; 0
0; 0
0; 0
0; 0
0; 0
0; 0
0; 0
0; 0
0; 0
0; 0
0; 0
0; 0
0; 0
0; 0
0; 0
0; 0
0; 0
0; 0
0; 0
0; 0
0; 0
0; 0
0; 0
0; 0
0; 0
0; 0
0; 0
0; 0
0; 0
0; 0
0; 0
0; 0
0; 0
0; 0
0; 0
0; 0
0; 0
0; 0
0; 0
0; 0
0; 0
0; 0
0; 0
0; 0
0; 0
0; 0
0; 0
0; 0
0; 0
0; 0
0; 0
0; 0
0; 0
0; 0
0; 0
0; 0
0; 0
0; 0
0; 0
0; 0
0; 0
0; 0
0; 0
0; 0
0; 0
0; 0
0; 0
0; 0
0; 0
0; 0
0; 0
0; 0
0; 0
0; 0
0; 0
0; 0
0; 0
0; 0
0; 0
0; 0
0; 0
0; 0
0; 0
0; 0
0; 0
0; 0
0; 0
0; 0
0; 0
0; 0
0; 0
0; 0
0; 0
0; 0
0; 0
0; 0
0; 0
0; 0
0; 0
0; 0
0; 0
0; 0
0; 0
0; 0
0; 0
0; 0
0; 0
0; 0
0; 0
0; 0
0; 0
0; 0
0; 0
0; 0
0; 0
0; 0
0; 0
0; 0
0; 0
0; 0
0; 0
0; 0
0; 0
0; 0
0; 0
0; 0
0; 0
0; 0
0; 0
0; 0
0; 0
0; 0
0; 0
0; 0
0; 0
0; 0
0; 0
0; 0
0; 0
0; 0
0; 0
0; 0
0; 0
0; 0
0; 0
0; 0
0; 0
0; 0
0; 0
0; 0
0; 0
0; 0
0; 0
0; 0
0; 0
0; 0
0; 0
0; 0
0; 0
0; 0
0; 0
0; 0
0; 0
0; 0
0; 0
0; 0
0; 0
0; 0
0; 0
0; 0
0; 0
0; 0
0; 0
0; 0
0; 0
0; 0
0; 0
0; 0
0; 0
0; 0
0; 0
0; 0
0; 0
0; 0
0; 0
0; 0
0; 0
0; 0
0; 0
0; 0
0; 0
0; 0
0; 0
0; 0
0; 0
0; 0
0; 0
0; 0
0; 0
0; 0
0; 0
0; 0
0; 0
0; 0
0; 0
0; 0
0; 0
0; 0
0; 0
0; 0
0; 0
0; 0
1; 0
0; 0
0; 0
0; 0
0; 0
0; 0
0; 0
0; 0
0; 0
0; 0
0; 0
0; 0
0; 0
0; 0
0; 0
0; 0
0; 0
0; 0
0; 0
0; 0
0; 0
0; 0
0; 0
0; 0
0; 0
0; 0
0; 0
0; 0
0; 0
0; 0
0; 0
0; 0
0; 0
0; 0
0; 0
0; 0
0; 0
0; 0
0; 0
0; 0
0; 0
0; 0
0; 0
0; 0
0; 0
0; 0
0; 0
0; 0
0; 0
0; 0
0; 0
0; 0
0; 0
0; 0
0; 0
0; 0
0; 0
0; 0
0; 0
0; 0
0; 0
0; 0
0; 0
0; 0
0; 0
0; 0
0; 0
0; 0
0; 0
0; 0
0; 0
0; 0
0; 0
0; 0
0; 0
0; 0
0; 0
0; 0
0; 0
0; 0
0; 0
0; 0
0; 0
0; 0
0; 0
0; 0
0; 0
0; 0
0; 0
0; 0
0; 0
0; 0
0; 0
0; 0
0; 0
0; 0
0; 0
0; 0
0; 0
0; 0
0; 0
0; 0
0; 0
0; 0
0; 0
0; 0
0; 0
0; 0
0; 0
0; 0
0; 0
0; 0
0; 0
0; 0
0; 0
0; 0
0; 0
0; 0
0; 0
0; 0
0; 0
0; 0
0; 0
0; 0
0; 0
0; 0
0; 0
0; 0
0; 0
0; 0
0; 0
0; 0
0; 0
0; 0
0; 0
0; 0
0; 0
0; 0
0; 0
0; 0
0; 0
0; 0
0; 0
0; 0
0; 0
0; 0
0; 0
0; 0
0; 0
0; 0
0; 0
0; 0
0; 0
0; 0
0; 0
0; 0
0; 0
0; 0
0; 0
0; 0
0; 0
0; 0
0; 0
0; 0
0; 0
0; 0
0; 0
0; 0
0; 0
0; 0
0; 0
0; 0
0; 0
0; 0
0; 0
0; 0
0; 0
0; 0
0; 0
0; 0
0; 0
0; 0
0; 0
0; 0
0; 0
0; 0
0; 0
0; 0
0; 0
0; 0
0; 0
0; 0
0; 0
0; 0
0; 0
0; 0
0; 0
0; 0
0; 0
0; 0
0; 0
0; 0
0; 0
0; 0
0; 0
0; 0
0; 0
0; 0
0; 0
0; 0
0; 0
0; 0
0; 0
0; 0
0; 0
0; 0
0; 0
0; 0
0; 0
0; 0
0; 0
0; 0
0; 0
0; 0
0; 0
0; 0
0; 0
0; 0
0; 0
0; 0
0; 0
0; 0
0; 0
0; 0
0; 0
0; 0
0; 0
0; 0
0; 0
0; 0
0; 0
0; 0
0; 0
0; 0
0; 0
0; 0
0; 0
0; 0
0; 0
0; 0
0; 0
0; 0
0; 0
0; 0
0; 0
0; 0
0; 0
0; 0
0; 0
0; 0
0; 0
0; 0
0; 0
0; 0
0; 0
0; 0
0; 0
0; 0
0; 0
0; 0
0; 0
0; 0
0; 0
0; 0
0; 0
0; 0
0; 0
0; 0
0; 0
0; 0
0; 0
0; 0
0; 0
0; 0
0; 0
0; 0
0; 0
0; 0
0; 0
0; 0
0; 0
0; 0
0; 0
0; 0
0; 0
0; 0
0; 0
0; 0
0; 0
0; 0
0; 0
0; 0
0; 0
0; 0
0; 0
0; 0
0; 0
0; 0
0; 0
0; 0
0; 0
0; 0
0; 0
0; 0
0; 0
0; 0
0; 0
0; 0
0; 0
0; 0
0; 0
0; 0
0; 0
0; 0
0; 0
0; 0
0; 0
0; 0
0; 0
0; 0
0; 0
0; 0
0; 0
0; 0
0; 0
0; 0
0; 0
0; 0
0; 0
0; 0
0; 0
0; 0
0; 0
0; 0
0; 0
0; 0
0; 0
0; 0
0; 0
0; 0
0; 0
0; 0
0; 0
0; 0
0; 0
0; 0
0; 0
0; 0
0; 0
0; 0
0; 0
0; 0
0; 0
0; 0
0; 0
0; 0
0; 0
0; 0
0; 0
0; 0
0; 0
0; 0
0; 0
0; 0
0; 0
0; 0
0; 0
0; 0
0; 0
0; 0
0; 0
0; 0
0; 0
0; 0
0; 0
0; 0
0; 0
0; 0
0; 0
0; 0
0; 0
0; 0
0; 0
0; 0
0; 0
0; 0
0; 0
0; 0
0; 0
0; 0
0; 0
0; 0
0; 0
0; 0
0; 0
0; 0
0; 0
0; 0
0; 0
0; 0
0; 0
0; 0
0; 0
0; 0
0; 0
0; 0
0; 0
0; 0
0; 0
0; 0
0; 0
0; 0
0; 0
0; 0
0; 0
0; 0
0; 0
0; 0
0; 0
0; 0
0; 0
0; 0
0; 0
0; 0
0; 0
0; 0
0; 0
0; 0
0; 0
0; 0
0; 0
0; 0
0; 0
0; 0
0; 0
0; 0
0; 0
0; 0
0; 0
0; 0
0; 0
0; 0
0; 0
0; 0
0; 0
0; 0
0; 0
0; 0
0; 0
0; 0
0; 0
0; 0
0; 0
0; 0
0; 0
0; 0
0; 0
0; 0
0; 0
0; 0
0; 0
0; 0
0; 0
0; 0
0; 0
0; 0
0; 0
0; 0
0; 0
0; 0
0; 0
0; 0
0; 0
0; 0
0; 0
0; 0
0; 0
0; 0
0; 0
0; 0
0; 0
0; 0
0; 0
0; 0
0; 0
0; 0
0; 0
0; 0
0; 0
0; 0
0; 0
0; 0
0; 0
0; 0
0; 0
0; 0
0; 0
0; 0
0; 0
0; 0
0; 0
0; 0
0; 0
0; 0
0; 0
0; 0
0; 0
0; 0
0; 0
0; 0
0; 0
0; 0
0; 0
0; 0
0; 0
0; 0
0; 0
0; 0
0; 0
0; 0
0; 0
0; 0
0; 0
0; 0
0; 0
0; 0
0; 0
0; 0
0; 0
0; 0
0; 0
0; 0
0; 0
0; 0
0; 0
0; 0
0; 0
0; 0
0; 0
0; 0
0; 0
0; 0
0; 0
0; 0
0; 0
0; 0
0; 0
0; 0
0; 0
0; 0
0; 0
0; 0
0; 0
0; 0
0; 0
0; 0
0; 0
0; 0
0; 0
0; 0
0; 0
0; 0
0; 0
0; 0
0; 0
0; 0
0; 0
0; 0
0; 0
0; 0
0; 0
0; 0
0; 0
0; 0
0; 0
0; 0
0; 0
0; 0
0; 0
0; 0
0; 0
0; 0
0; 0
0; 0
0; 0
0; 0
0; 0
0; 0
0; 0
0; 0
0; 0
0; 0
0; 0
0; 0
0; 0
0; 0
0; 0
0; 0
0; 0
0; 0
0; 0
0; 0
0; 0
0; 0
0; 0
0; 0
0; 0
0; 0
0; 0
0; 0
0; 0
0; 0
0; 0
0; 0
0; 0
0; 0
0; 0
0; 0
0; 0
0; 0
0; 0
0; 0
0; 0
0; 0
0; 0
0; 0
0; 0
0; 0
0; 0
0; 0
0; 0
0; 0
0; 0
0; 0
0; 0
0; 0
0; 0
0; 0
0; 0
0; 0
0; 0
0; 0
0; 0
0; 0
0; 0
0; 0
0; 0
0; 0
0; 0
0; 0
0; 0
0; 0
0; 0
0; 0
0; 0
0; 0
0; 0
0; 0
0; 0
0; 0
0; 0
0; 0
0; 0
0; 0
0; 0
0; 0
0; 0
0; 0
0; 0
0; 0
0; 0
0; 0
0; 0
0; 0
0; 0
0; 0
0; 0
0; 0
0; 0
0; 0
0; 0
0; 0
0; 0
0; 0
0; 0
0; 0
0; 0
0; 0
0; 0
0; 0
0; 0
0; 0
0; 0
0; 0
0; 0
0; 0
0; 0
0; 0
0; 0
0; 0
0; 0
0; 0
0; 0
0; 0
0; 0
0; 0
0; 0
0; 0
0; 0
0; 0
0; 0
0; 0
0; 0
0; 0
0; 0
0; 0
0; 0
0; 0
0; 0
0; 0
0; 0
0; 0
0; 0
0; 0
0; 0
0; 0
0; 0
0; 0
0; 0
0; 0
0; 0
0; 0
0; 0
0; 0
0; 0
0; 0
0; 0
0; 0
0; 0
0; 0
0; 0
0; 0
0; 0
0; 0
0; 0
0; 0
0; 0
0; 0
0; 0
0; 0
0; 0
0; 0
0; 0
0; 0
0; 0
0; 0
0; 0
0; 0
0; 0
0; 0
0; 0
0; 0
0; 0
0; 0
0; 0
0; 0
0; 0
0; 0
0; 0
0; 0
0; 0
0; 0
0; 0
0; 0
0; 0
0; 0
0; 0
0; 0
0; 0
0; 0
0; 0
0; 0
0; 0
0; 0
0; 0
0; 0
0; 0
0; 0
0; 0
0; 0
0; 0
0; 0
0; 0
0; 0
0; 0
0; 0
0; 0
0; 0
0; 0
0; 0
0; 0
0; 0
0; 0
0; 0
0; 0
0; 0
0; 0
0; 0
0; 0
0; 0
0; 0
0; 0
0; 0
0; 0
0; 0
0; 0
0; 0
0; 0
0; 0
0; 0
0; 0
0; 0
0; 0
0; 0
0; 0
0; 0
0; 0
0; 0
0; 0
0; 0
0; 0
0; 0
0; 0
0; 0
0; 0
0; 0
0; 0
0; 0
0; 0
0; 0
0; 0
0; 0
0; 0
0; 0
0; 0
0; 0
0; 0
0; 0
0; 0
0; 0
0; 0
0; 0
0; 0
0; 0
0; 0
0; 0
0; 0
0; 0
0; 0
0; 0
0; 0
0; 0
0; 0
0; 0
0; 0
0; 0
0; 0
0; 0
0; 0
0; 0
0; 0
0; 0
0; 0
0; 0
0; 0
0; 0
0; 0
0; 0
0; 0
0; 0
0; 0
0; 0
0; 0
0; 0
0; 0
0; 0
0; 0
0; 0
0; 0
0; 0
0; 0
0; 0
0; 0
0; 0
0; 0
0; 0
0; 0
0; 0
0; 0
0; 0
0; 0
0; 0
0; 0
0; 0
0; 0
0; 0
0; 0
0; 0
0; 0
0; 0
0; 0
0; 0
0; 0
0; 0
0; 0
0; 0
0; 0
0; 0
0; 0
0; 0
0; 0
0; 0
0; 0
0; 0
0; 0
0; 0
0; 0
0; 0
0; 0
0; 0
0; 0
0; 0
0; 0
0; 0
0; 0
0; 0
0; 0
0; 0
0; 0
0; 0
0; 0
0; 0
0; 0
0; 0
0; 0
0; 0
0; 0
0; 0
0; 0
0; 0
0; 0
0; 0
0; 0
0; 0
0; 0
0; 0
0; 0
0; 0
0; 0
0; 0
0; 0
0; 0
0; 0
0; 0
0; 0
0; 0
0; 0
0; 0
0; 0
0; 0
0; 0
0; 0
0; 0
0; 0
0; 0
0; 0
0; 0
0; 0
0; 0
0; 0
0; 0
0; 0
0; 0
0; 0
0; 0
0; 0
0; 0
0; 0
0; 0
0; 0
0; 0
0; 0
0; 0
0; 0
0; 0
0; 0
0; 0
0; 0
0; 0
0; 0
0; 0
0; 0
0; 0
0; 0
0; 0
0; 0
0; 0
0; 0
0; 0
0; 0
0; 0
0; 0
0; 0
0; 0
0; 0
0; 0
0; 0
0; 0
0; 0
0; 0
0; 0
0; 0
0; 0
0; 0
0; 0
0; 0
0; 0
0; 0
0; 0
0; 0
0; 0
0; 0
0; 0
0; 0
0; 0
0; 0
0; 0
0; 0
0; 0
0; 0
0; 0
0; 0
0; 0
0; 0
0; 0
0; 0
0; 0
0; 0
0; 0
0; 0
0; 0
0; 0
0; 0
0; 0
0; 0
0; 0
0; 0
0; 0
0; 0
0; 0
0; 0
0; 0
0; 0
0; 0
0; 0
0; 0
0; 0
0; 0
0; 0
0; 0
0; 0
0; 0
0; 0
0; 0
0; 0
0; 0
0; 0
0; 0
0; 0
0; 0
0; 0
0; 0
0; 0
0; 0
0; 0
0; 0
0; 0
0; 0
0; 0
0; 0
0; 0
0; 0
0; 0
0; 0
0; 0
0; 0
0; 0
0; 0
0; 0
0; 0
0; 0
0; 0
0; 0
0; 0
0; 0
0; 0
0; 0
0; 0
0; 0
0; 0
0; 0
0; 0
0; 0
0; 0
0; 0
0; 0
0; 0
0; 0
0; 0
0; 0
0; 0
0; 0
0; 0
0; 0
0; 0
0; 0
0; 0
0; 0
0; 0
0; 0
0; 0
0; 0
0; 0
0; 0
0; 0
0; 0
0; 0
0; 0
0; 0
0; 0
0; 0
0; 0
0; 0
0; 0
0; 0
0; 0
0; 0
0; 0
0; 0
0; 0
0; 0
0; 0
0; 0
0; 0
0; 0
0; 0
0; 0
0; 0
0; 0
0; 0
0; 0
0; 0
0; 0
0; 0
0; 0
0; 0
0; 0
0; 0
0; 0
0; 0
0; 0
0; 0
0; 0
0; 0
0; 0
0; 0
0; 0
0; 0
0; 0
0; 0
0; 0
0; 0
0; 0
0; 0
0; 0
0; 0
0; 0
0; 0
0; 0
0; 0
0; 0
0; 0
0; 0
0; 0
0; 0
0; 0
0; 0
0; 0
0; 0
0; 0
0; 0
0; 0
0; 0
0; 0
0; 0
0; 0
0; 0
0; 0
0; 0
0; 0
0; 0
0; 0
0; 0
0; 0
0; 0
0; 0
0; 0
0; 0
0; 0
0; 0
0; 0
0; 0
0; 0
0; 0
0; 0
0; 0
0; 0
0; 0
0; 0
0; 0
0; 0
0; 0
0; 0
0; 0
0; 0
0; 0
0; 0
0; 0
0; 0
0; 0
0; 0
0; 0
0; 0
0; 0
0; 0
0; 0
0; 0
0; 0
1; 0
0; 0
0; 0
0; 0
0; 0
0; 0
0; 0
0; 0
0; 0
0; 0
0; 0
0; 0
0; 0
0; 0
0; 0
0; 0
0; 0
0; 0
0; 0
0; 0
0; 0
0; 0
0; 0
0; 0
0; 0
0; 0
0; 0
0; 0
0; 0
0; 0
0; 0
0; 0
0; 0
0; 0
0; 0
0; 0
0; 0
0; 0
0; 0
0; 0
0; 0
1; 0
0; 0
0; 0
0; 0
0; 0
0; 0
0; 0
0; 0
0; 0
0; 0
0; 0
0; 0
0; 0
0; 0
0; 0
0; 0
0; 0
0; 0
0; 0
0; 0
0; 0
0; 0
0; 0
0; 0
0; 0
0; 0
0; 0
0; 0
0; 0
0; 0
0; 0
0; 0
0; 0
0; 0
0; 0
0; 0
0; 0
0; 0
0; 0
0; 0
0; 0
0; 0
0; 0
0; 0
0; 0
0; 0
0; 0
0; 0
0; 0
0; 0
0; 0
0; 0
0; 0
0; 0
0; 0
0; 0
0; 0
0; 0
0; 0
0; 0
0; 0
0; 0
0; 0
0; 0
0; 0
0; 0
0; 0
0; 0
0; 0
0; 0
0; 0
0; 0
0; 0
0; 0
0; 0
0; 0
0; 0
0; 0
0; 0
0; 0
0; 0
0; 0
0; 0
0; 0
0; 0
0; 0
0; 0
0; 0
0; 0
0; 0
0; 0
0; 0
0; 0
0; 0
0; 0
0; 0
0; 0
0; 0
0; 0
0; 0
0; 0
0; 0
0; 0
0; 0
0; 0
0; 0
0; 0
0; 0
0; 0
0; 0
0; 0
0; 0
0; 0
0; 0
0; 0
0; 0
0; 0
0; 0
0; 0
0; 0
0; 0
0; 0
0; 0
0; 0
0; 0
0; 0
0; 0
0; 0
0; 0
0; 0
0; 0
0; 0
0; 0
0; 0
0; 0
0; 0
0; 0
0; 0
0; 0
0; 0
0; 0
0; 0
0; 0
0; 0
0; 0
0; 0
0; 0
0; 0
0; 0
0; 0
0; 0
0; 0
0; 0
0; 0
0; 0
0; 0
0; 0
0; 0
0; 0
0; 0
0; 0
0; 0
0; 0
0; 0
0; 0
0; 0
0; 0
0; 0
0; 0
0; 0
0; 0
0; 0
0; 0
0; 0
0; 0
0; 0
0; 0
0; 0
0; 0
0; 0
0; 0
0; 0
0; 0
0; 0
0; 0
0; 0
0; 0
0; 0
0; 0
0; 0
0; 0
0; 0
0; 0
0; 0
0; 0
0; 0
0; 0
0; 0
0; 0
0; 0
0; 0
0; 0
0; 0
0; 0
0; 0
0; 0
0; 0
0; 0
0; 0
0; 0
0; 0
0; 0
0; 0
0; 0
0; 0
0; 0
0; 0
0; 0
0; 0
0; 0
0; 0
0; 0
0; 0
0; 0
0; 0
0; 0
0; 0
0; 0
0; 0
0; 0
0; 0
0; 0
0; 0
0; 0
0; 0
0; 0
0; 0
0; 0
0; 0
0; 0
0; 0
0; 0
0; 0
0; 0
0; 0
0; 0
0; 0
0; 0
0; 0
0; 0
0; 0
0; 0
0; 0
0; 0
0; 0
0; 0
0; 0
0; 0
0; 0
0; 0
0; 0
0; 0
0; 0
0; 0
0; 0
0; 0
0; 0
0; 0
0; 0
0; 0
0; 0
0; 0
0; 0
0; 0
0; 0
0; 0
0; 0
0; 0
0; 0
0; 0
0; 0
0; 0
0; 0
0; 0
0; 0
0; 0
0; 0
0; 0
0; 0
0; 0
0; 0
0; 0
0; 0
0; 0
0; 0
0; 0
0; 0
0; 0
0; 0
0; 0
0; 0
0; 0
0; 0
0; 0
0; 0
0; 0
0; 0
0; 0
0; 0
0; 0
0; 0
0; 0
0; 0
0; 0
0; 0
0; 0
0; 0
0; 0
0; 0
0; 0
0; 0
0; 0
0; 0
0; 0
0; 0
0; 0
0; 0
0; 0
0; 0
0; 0
0; 0
0; 0
0; 0
0; 0
0; 0
0; 0
0; 0
0; 0
0; 0
0; 0
0; 0
0; 0
0; 0
0; 0
0; 0
0; 0
0; 0
0; 0
0; 0
0; 0
0; 0
0; 0
0; 0
0; 0
0; 0
0; 0
0; 0
0; 0
0; 0
0; 0
0; 0
0; 0
0; 0
0; 0
0; 0
0; 0
0; 0
0; 0
0; 0
0; 0
0; 0
0; 0
0; 0
0; 0
0; 0
0; 0
0; 0
0; 0
0; 0
0; 0
0; 0
0; 0
0; 0
0; 0
0; 0
0; 0
0; 0
0; 0
0; 0
0; 0
0; 0
0; 0
0; 0
0; 0
0; 0
0; 0
0; 0
0; 0
0; 0
0; 0
0; 0
0; 0
0; 0
0; 0
0; 0
0; 0
0; 0
0; 0
0; 0
0; 0
0; 0
0; 0
0; 0
0; 0
0; 0
0; 0
0; 0
0; 0
0; 0
0; 0
0; 0
0; 0
0; 0
0; 0
0; 0
0; 0
0; 0
0; 0
0; 0
0; 0
0; 0
0; 0
0; 0
0; 0
0; 0
0; 0
0; 0
0; 0
0; 0
0; 0
0; 0
0; 0
0; 0
0; 0
0; 0
0; 0
0; 0
0; 0
0; 0
0; 0
0; 0
0; 0
0; 0
0; 0
0; 0
0; 0
0; 0
0; 0
0; 0
0; 0
0; 0
0; 0
0; 0
0; 0
0; 0
0; 0
0; 0
0; 0
0; 0
0; 0
0; 0
0; 0
0; 0
0; 0
0; 0
0; 0
0; 0
0; 0
0; 0
0; 0
0; 0
0; 0
0; 0
0; 0
0; 0
0; 0
0; 0
0; 0
0; 0
0; 0
0; 0
0; 0
0; 0
0; 0
0; 0
0; 0
0; 0
0; 0
0; 0
0; 0
0; 0
0; 0
0; 0
0; 0
0; 0
0; 0
0; 0
0; 0
0; 0
0; 0
0; 0
0; 0
0; 0
0; 0
0; 0
0; 0
0; 0
0; 0
0; 0
0; 0
0; 0
0; 0
0; 0
0; 0
0; 0
0; 0
0; 0
0; 0
0; 0
0; 0
0; 0
0; 0
0; 0
0; 0
0; 0
0; 0
0; 0
0; 0
0; 0
0; 0
0; 0
0; 0
0; 0
0; 0
0; 0
0; 0
0; 0
0; 0
0; 0
0; 0
0; 0
0; 0
0; 0
0; 0
0; 0
0; 0
0; 0
0; 0
0; 0
0; 0
0; 0
0; 0
0; 0
0; 0
0; 0
0; 0
0; 0
0; 0
0; 0
0; 0
0; 0
0; 0
0; 0
0; 0
0; 0
0; 0
0; 0
0; 0
0; 0
0; 0
0; 0
0; 0
0; 0
0; 0
0; 0
0; 0
0; 0
0; 0
0; 0
0; 0
0; 0
0; 0
0; 0
0; 0
0; 0
0; 0
0; 0
0; 0
0; 0
0; 0
0; 0
0; 0
0; 0
0; 0
0; 0
0; 0
0; 0
0; 0
0; 0
0; 0
0; 0
0; 0
0; 0
0; 0
0; 0
0; 0
0; 0
0; 0
0; 0
0; 0
0; 0
0; 0
0; 0
0; 0
0; 0
0; 0
0; 0
0; 0
0; 0
0; 0
0; 0
0; 0
0; 0
0; 0
0; 0
0; 0
0; 0
0; 0
0; 0
0; 0
0; 0
0; 0
0; 0
0; 0
0; 0
0; 0
0; 0
0; 0
0; 0
0; 0
0; 0
0; 0
0; 0
0; 0
0; 0
0; 0
0; 0
0; 0
0; 0
0; 0
0; 0
0; 0
0; 0
0; 0
0; 0
0; 0
0; 0
0; 0
0; 0
0; 0
0; 0
0; 0
0; 0
0; 0
0; 0
0; 0
0; 0
0; 0
0; 0
0; 0
0; 0
0; 0
0; 0
0; 0
0; 0
0; 0
0; 0
0; 0
0; 0
0; 0
0; 0
0; 0
0; 0
0; 0
0; 0
0; 0
0; 0
0; 0
0; 0
0; 0
0; 0
0; 0
0; 0
0; 0
0; 0
0; 0
0; 0
0; 0
0; 0
0; 0
0; 0
0; 0
0; 0
0; 0
0; 0
0; 0
0; 0
0; 0
0; 0
0; 0
0; 0
0; 0
0; 0
0; 0
0; 0
0; 0
0; 0
0; 0
0; 0
0; 0
0; 0
0; 0
0; 0
0; 0
0; 0
0; 0
0; 0
0; 0
0; 0
0; 0
0; 0
0; 0
0; 0
0; 0
0; 0
0; 0
0; 0
0; 0
0; 0
0; 0
0; 0
0; 0
0; 0
0; 0
0; 0
0; 0
0; 0
0; 0
0; 0
0; 0
0; 0
0; 0
0; 0
0; 0
0; 0
0; 0
0; 0
0; 0
0; 0
0; 0
0; 0
0; 0
0; 0
0; 0
0; 0
0; 0
0; 0
0; 0
0; 0
0; 0
0; 0
0; 0
0; 0
0; 0
0; 0
0; 0
0; 0
0; 0
0; 0
0; 0
0; 0
0; 0
0; 0
0; 0
0; 0
0; 0
0; 0
0; 0
0; 0
0; 0
0; 0
0; 0
0; 0
0; 0
0; 0
0; 0
0; 0
0; 0
0; 0
0; 0
0; 0
0; 0
0; 0
0; 0
0; 0
0; 0
0; 0
0; 0
0; 0
0; 0
0; 0
0; 0
0; 0
0; 0
0; 0
0; 0
0; 0
0; 0
0; 0
0; 0
0; 0
0; 0
0; 0
0; 0
0; 0
0; 0
0; 0
0; 0
0; 0
0; 0
0; 0
0; 0
0; 0
0; 0
0; 0
0; 0
0; 0
0; 0
0; 0
0; 0
0; 0
0; 0
0; 0
0; 0
0; 0
0; 0
0; 0
0; 0
0; 0
0; 0
0; 0
0; 0
0; 0
0; 0
0; 0
0; 0
0; 0
0; 0
0; 0
0; 0
0; 0
0; 0
0; 0
0; 0
0; 0
0; 0
0; 0
0; 0
0; 0
0; 0
0; 0
0; 0
0; 0
0; 0
0; 0
0; 0
0; 0
0; 0
0; 0
0; 0
0; 0
0; 0
0; 0
0; 0
0; 0
0; 0
0; 0
0; 0
0; 0
0; 0
0; 0
0; 0
0; 0
0; 0
0; 0
0; 0
0; 0
0; 0
0; 0
0; 0
0; 0
0; 0
0; 0
0; 0
0; 0
0; 0
0; 0
0; 0
0; 0
0; 0
0; 0
0; 0
0; 0
0; 0
0; 0
0; 0
0; 0
0; 0
0; 0
0; 0
0; 0
0; 0
0; 0
0; 0
0; 0
0; 0
0; 0
0; 0
0; 0
0; 0
0; 0
0; 0
0; 0
0; 0
0; 0
0; 0
0; 0
0; 0
0; 0
0; 0
0; 0
0; 0
0; 0
0; 0
0; 0
0; 0
0; 0
0; 0
0; 0
0; 0
0; 0
0; 0
0; 0
0; 0
0; 0
0; 0
0; 0
0; 0
0; 0
0; 0
0; 0
0; 0
0; 0
0; 0
0; 0
0; 0
0; 0
0; 0
0; 0
0; 0
0; 0
0; 0
0; 0
0; 0
0; 0
0; 0
0; 0
0; 0
0; 0
0; 0
0; 0
0; 0
0; 0
0; 0
0; 0
0; 0
0; 0
0; 0
0; 0
0; 0
0; 0
0; 0
0; 0
0; 0
0; 0
0; 0
0; 0
0; 0
0; 0
0; 0
0; 0
0; 0
0; 0
0; 0
0; 0
0; 0
0; 0
0; 0
0; 0
0; 0
0; 0
0; 0
0; 0
0; 0
0; 0
0; 0
0; 0
0; 0
0; 0
0; 0
0; 0
0; 0
0; 0
0; 0
0; 0
0; 0
0; 0
0; 0
0; 0
0; 0
0; 0
0; 0
0; 0
0; 0
0; 0
0; 0
0; 0
0; 0
0; 0
0; 0
0; 0
0; 0
0; 0
0; 0
0; 0
0; 0
0; 0
0; 0
0; 0
0; 0
0; 0
0; 0
0; 0
0; 0
0; 0
0; 0
0; 0
0; 0
0; 0
0; 0
0; 0
0; 0
0; 0
0; 0
0; 0
0; 0
0; 0
0; 0
0; 0
0; 0
0; 0
0; 0
0; 0
0; 0
0; 0
0; 0
0; 0
0; 0
0; 0
0; 0
0; 0
0; 0
0; 0
0; 0
0; 0
0; 0
0; 0
0; 0
0; 0
0; 0
0; 0
0; 0
0; 0
0; 0
0; 0
0; 0
0; 0
0; 0
0; 0
0; 0
0; 0
0; 0
0; 0
0; 0
0; 0
0; 0
0; 0
0; 0
0; 0
0; 0
0; 0
0; 0
0; 0
0; 0
0; 0
0; 0
0; 0
0; 0
0; 0
0; 0
0; 0
0; 0
0; 0
0; 0
0; 0
0; 0
0; 0
0; 0
0; 0
0; 0
0; 0
0; 0
0; 0
0; 0
0; 0
0; 0
0; 0
0; 0
0; 0
0; 0
0; 0
0; 0
0; 0
0; 0
0; 0
0; 0
0; 0
0; 0
0; 0
0; 0
0; 0
0; 0
0; 0
0; 0
0; 0
0; 0
0; 0
0; 0
0; 0
0; 0
0; 0
0; 0
0; 0
0; 0
0; 0
0; 0
0; 0
0; 0
0; 0
0; 0
0; 0
0; 0
0; 0
0; 0
0; 0
0; 0
0; 0
0; 0
0; 0
0; 0
0; 0
0; 0
0; 0
0; 0
0; 0
0; 0
0; 0
0; 0
0; 0
0; 0
0; 0
0; 0
0; 0
0; 0
0; 0
0; 0
0; 0
0; 0
0; 0
0; 0
0; 0
0; 0
0; 0
0; 0
0; 0
0; 0
0; 0
0; 0
0; 0
0; 0
0; 0
0; 0
0; 0
0; 0
0; 0
0; 0
0; 0
0; 0
0; 0
0; 0
0; 0
0; 0
0; 0
0; 0
0; 0
0; 0
0; 0
0; 0
0; 0
0; 0
0; 0
0; 0
0; 0
0; 0
0; 0
0; 0
0; 0
0; 0
0; 0
0; 0
0; 0
0; 0
0; 0
0; 0
0; 0
0; 0
0; 0
0; 0
0; 0
0; 0
0; 0
0; 0
0; 0
0; 0
0; 0
0; 0
0; 0
0; 0
0; 0
0; 0
0; 0
0; 0
0; 0
0; 0
0; 0
0; 0
0; 0
0; 0
0; 0
0; 0
0; 0
0; 0
0; 0
0; 0
0; 0
0; 0
0; 0
0; 0
0; 0
0; 0
0; 0
0; 0
0; 0
0; 0
0; 0
0; 0
0; 0
0; 0
0; 0
0; 0
0; 0
0; 0
0; 0
0; 0
0; 0
0; 0
0; 0
0; 0
0; 0
0; 0
0; 0
0; 0
0; 0
0; 0
0; 0
0; 0
0; 0
0; 0
0; 0
0; 0
0; 0
0; 0
0; 0
0; 0
0; 0
0; 0
0; 0
0; 0
0; 0
0; 0
0; 0
0; 0
0; 0
0; 0
0; 0
0; 0
0; 0
0; 0
0; 0
0; 0
0; 0
0; 0
0; 0
0; 0
0; 0
0; 0
0; 0
0; 0
0; 0
0; 0
0; 0
0; 0
0; 0
0; 0
0; 0
0; 0
0; 0
0; 0
0; 0
0; 0
0; 0
0; 0
0; 0
0; 0
0; 0
0; 0
0; 0
0; 0
0; 0
0; 0
0; 0
0; 0
0; 0
0; 0
0; 0
0; 0
0; 0
0; 0
0; 0
0; 0
0; 0
0; 0
0; 0
0; 0
0; 0
0; 0
0; 0
0; 0
0; 0
0; 0
0; 0
0; 0
0; 0
0; 0
0; 0
0; 0
0; 0
0; 0
0; 0
0; 0
0; 0
0; 0
0; 0
0; 0
0; 0
0; 0
0; 0
0; 0
0; 0
0; 0
0; 0
0; 0
0; 0
0; 0
0; 0
0; 0
0; 0
0; 0
0; 0
0; 0
0; 0
0; 0
0; 0
0; 0
0; 0
0; 0
0; 0
0; 0
0; 0
0; 0
0; 0
0; 0
0; 0
0; 0
0; 0
0; 0
0; 0
0; 0
0; 0
0; 0
0; 0
0; 0
0; 0
0; 0
0; 0
0; 0
0; 0
0; 0
0; 0
0; 0
0; 0
0; 0
0; 0
0; 0
0; 0
0; 0
0; 0
0; 0
0; 0
0; 0
0; 0
0; 0
0; 0
0; 0
0; 0
0; 0
0; 0
0; 0
0; 0
0; 0
0; 0
0; 0
0; 0
0; 0
0; 0
0; 0
0; 0
0; 0
0; 0
0; 0
0; 0
0; 0
0; 0
0; 0
0; 0
0; 0
0; 0
0; 0
0; 0
0; 0
0; 0
0; 0
0; 0
0; 0
0; 0
0; 0
0; 0
0; 0
0; 0
0; 0
0; 0
0; 0
0; 0
0; 0
0; 0
0; 0
0; 0
0; 0
0; 0
0; 0
0; 0
0; 0
0; 0
0; 0
0; 0
0; 0
0; 0
0; 0
0; 0
0; 0
0; 0
0; 0
0; 0
0; 0
0; 0
0; 0
0; 0
0; 0
0; 0
0; 0
0; 0
0; 0
0; 0
0; 0
0; 0
0; 0
0; 0
0; 0
0; 0
0; 0
0; 0
0; 0
0; 0
0; 0
0; 0
0; 0
0; 0
0; 0
0; 0
0; 0
0; 0
0; 0
0; 0
0; 0
0; 0
0; 0
0; 0
0; 0
0; 0
0; 0
0; 0
0; 0
0; 0
0; 0
0; 0
0; 0
0; 0
0; 0
0; 0
0; 0
0; 0
0; 0
0; 0
0; 0
0; 0
0; 0
0; 0
0; 0
0; 0
0; 0
0; 0
0; 0
0; 0
1; 0
0; 0
0; 0
0; 0
0; 0
0; 0
0; 0
0; 0
0; 0
0; 0
0; 0
0; 0
0; 0
0; 0
0; 0
0; 0
0; 0
0; 0
0; 0
0; 0
0; 0
0; 0
0; 0
0; 0
0; 0
0; 0
0; 0
0; 0
0; 0
0; 0
0; 0
0; 0
0; 0
0; 0
0; 0
0; 0
0; 0
0; 0
0; 0
0; 0
0; 0
0; 0
0; 0
0; 0
0; 0
0; 0
0; 0
0; 0
0; 0
0; 0
0; 0
0; 0
0; 0
0; 0
0; 0
0; 0
0; 0
0; 0
0; 0
0; 0
0; 0
0; 0
0; 0
0; 0
0; 0
0; 0
0; 0
0; 0
0; 0
0; 0
0; 0
0; 0
0; 0
0; 0
0; 0
0; 0
0; 0
0; 0
0; 0
0; 0
0; 0
0; 0
0; 0
0; 0
0; 0
0; 0
0; 0
0; 0
0; 0
0; 0
0; 0
0; 0
0; 0
0; 0
0; 0
0; 0
0; 0
0; 0
0; 0
0; 0
0; 0
0; 0
0; 0
0; 0
0; 0
0; 0
0; 0
0; 0
0; 0
0; 0
0; 0
0; 0
0; 0
0; 0
0; 0
0; 0
0; 0
0; 0
0; 0
0; 0
0; 0
0; 0
0; 0
0; 0
0; 0
0; 0
0; 0
0; 0
0; 0
0; 0
0; 0
0; 0
0; 0
0; 0
0; 0
0; 0
0; 0
0; 0
0; 0
0; 0
0; 0
0; 0
0; 0
0; 0
0; 0
0; 0
0; 0
0; 0
0; 0
0; 0
0; 0
0; 0
0; 0
0; 0
0; 0
0; 0
0; 0
0; 0
0; 0
0; 0
0; 0
0; 0
0; 0
0; 0
0; 0
0; 0
0; 0
0; 0
0; 0
0; 0
0; 0
0; 0
0; 0
0; 0
0; 0
0; 0
0; 0
0; 0
0; 0
0; 0
0; 0
0; 0
0; 0
0; 0
0; 0
0; 0
0; 0
0; 0
0; 0
0; 0
0; 0
0; 0
0; 0
0; 0
0; 0
0; 0
0; 0
0; 0
0; 0
0; 0
0; 0
0; 0
0; 0
0; 0
0; 0
0; 0
0; 0
0; 0
0; 0
0; 0
0; 0
0; 0
0; 0
0; 0
0; 0
0; 0
0; 0
0; 0
0; 0
0; 0
0; 0
0; 0
0; 0
0; 0
0; 0
0; 0
0; 0
0; 0
0; 0
0; 0
0; 0
0; 0
0; 0
0; 0
0; 0
0; 0
0; 0
0; 0
0; 0
0; 0
0; 0
0; 0
0; 0
0; 0
0; 0
0; 0
0; 0
0; 0
0; 0
0; 0
0; 0
0; 0
0; 0
0; 0
0; 0
0; 0
0; 0
0; 0
0; 0
0; 0
0; 0
0; 0
0; 0
0; 0
0; 0
0; 0
0; 0
0; 0
0; 0
0; 0
0; 0
0; 0
0; 0
0; 0
0; 0
0; 0
0; 0
0; 0
0; 0
0; 0
0; 0
0; 0
0; 0
0; 0
0; 0
0; 0
0; 0
0; 0
0; 0
0; 0
0; 0
0; 0
0; 0
0; 0
0; 0
0; 0
0; 0
0; 0
0; 0
0; 0
0; 0
0; 0
0; 0
0; 0
0; 0
0; 0
0; 0
0; 0
0; 0
0; 0
0; 0
0; 0
0; 0
0; 0
0; 0
0; 0
0; 0
0; 0
0; 0
0; 0
0; 0
0; 0
0; 0
0; 0
0; 0
0; 0
0; 0
0; 0
0; 0
0; 0
0; 0
0; 0
0; 0
0; 0
0; 0
0; 0
0; 0
0; 0
0; 0
0; 0
0; 0
0; 0
0; 0
0; 0
0; 0
0; 0
0; 0
0; 0
0; 0
0; 0
0; 0
0; 0
0; 0
0; 0
0; 0
0; 0
0; 0
0; 0
0; 0
0; 0
0; 0
0; 0
0; 0
0; 0
0; 0
0; 0
0; 0
0; 0
0; 0
0; 0
0; 0
0; 0
0; 0
0; 0
0; 0
0; 0
0; 0
0; 0
0; 0
0; 0
0; 0
0; 0
0; 0
0; 0
0; 0
0; 0
0; 0
0; 0
0; 0
0; 0
0; 0
0; 0
0; 0
0; 0
0; 0
0; 0
0; 0
0; 0
0; 0
0; 0
0; 0
0; 0
0; 0
0; 0
0; 0
0; 0
0; 0
0; 0
0; 0
0; 0
0; 0
0; 0
0; 0
0; 0
0; 0
0; 0
0; 0
0; 0
0; 0
0; 0
0; 0
0; 0
0; 0
0; 0
0; 0
0; 0
0; 0
0; 0
0; 0
0; 0
0; 0
0; 0
0; 0
0; 0
0; 0
0; 0
0; 0
0; 0
0; 0
0; 0
0; 0
0; 0
0; 0
0; 0
0; 0
0; 0
0; 0
0; 0
0; 0
0; 0
0; 0
0; 0
0; 0
0; 0
0; 0
0; 0
0; 0
0; 0
0; 0
0; 0
0; 0
0; 0
0; 0
0; 0
0; 0
0; 0
0; 0
0; 0
0; 0
0; 0
0; 0
0; 0
0; 0
0; 0
0; 0
0; 0
0; 0
0; 0
0; 0
0; 0
0; 0
0; 0
0; 0
0; 0
0; 0
0; 0
0; 0
0; 0
0; 0
0; 0
0; 0
0; 0
0; 0
0; 0
0; 0
0; 0
0; 0
0; 0
0; 0
0; 0
0; 0
0; 0
0; 0
0; 0
0; 0
0; 0
0; 0
0; 0
0; 0
0; 0
0; 0
0; 0
0; 0
0; 0
0; 0
0; 0
0; 0
0; 0
0; 0
0; 0
0; 0
0; 0
0; 0
0; 0
0; 0
0; 0
0; 0
0; 0
0; 0
0; 0
0; 0
0; 0
0; 0
0; 0
0; 0
0; 0
0; 0
0; 0
0; 0
0; 0
0; 0
0; 0
0; 0
0; 0
0; 0
0; 0
0; 0
0; 0
0; 0
0; 0
0; 0
0; 0
0; 0
0; 0
0; 0
0; 0
0; 0
0; 0
0; 0
0; 0
0; 0
0; 0
0; 0
0; 0
0; 0
0; 0
0; 0
0; 0
0; 0
0; 0
0; 0
0; 0
0; 0
0; 0
0; 0
0; 0
0; 0
0; 0
0; 0
0; 0
0; 0
0; 0
0; 0
0; 0
0; 0
0; 0
0; 0
0; 0
0; 0
0; 0
0; 0
0; 0
0; 0
0; 0
0; 0
0; 0
0; 0
0; 0
0; 0
0; 0
0; 0
0; 0
0; 0
0; 0
0; 0
0; 0
0; 0
0; 0
0; 0
0; 0
0; 0
0; 0
0; 0
0; 0
0; 0
0; 0
0; 0
0; 0
0; 0
0; 0
0; 0
0; 0
0; 0
0; 0
0; 0
0; 0
0; 0
0; 0
0; 0
0; 0
0; 0
0; 0
0; 0
0; 0
0; 0
0; 0
0; 0
0; 0
0; 0
0; 0
0; 0
0; 0
0; 0
0; 0
0; 0
0; 0
0; 0
0; 0
0; 0
0; 0
0; 0
0; 0
0; 0
0; 0
0; 0
0; 0
0; 0
0; 0
0; 0
0; 0
0; 0
0; 0
0; 0
0; 0
0; 0
0; 0
0; 0
0; 0
0; 0
0; 0
0; 0
0; 0
0; 0
0; 0
0; 0
0; 0
0; 0
0; 0
0; 0
0; 0
0; 0
0; 0
0; 0
0; 0
0; 0
0; 0
0; 0
0; 0
0; 0
0; 0
0; 0
0; 0
0; 0
0; 0
0; 0
0; 0
0; 0
0; 0
0; 0
0; 0
0; 0
0; 0
0; 0
0; 0
0; 0
0; 0
0; 0
0; 0
0; 0
0; 0
0; 0
0; 0
0; 0
0; 0
0; 0
0; 0
0; 0
0; 0
0; 0
0; 0
0; 0
0; 0
0; 0
0; 0
0; 0
0; 0
0; 0
0; 0
0; 0
0; 0
0; 0
0; 0
0; 0
0; 0
0; 0
0; 0
0; 0
0; 0
0; 0
0; 0
0; 0
1; 0
0; 0
0; 0
0; 0
0; 0
0; 0
0; 0
0; 0
0; 0
0; 0
0; 0
0; 0
0; 0
0; 0
0; 0
0; 0
0; 0
0; 0
0; 0
0; 0
0; 0
0; 0
0; 0
0; 0
0; 0
0; 0
0; 0
0; 0
0; 0
0; 0
0; 0
0; 0
0; 0
0; 0
0; 0
0; 0
0; 0
0; 0
0; 0
0; 0
0; 0
0; 0
0; 0
0; 0
0; 0
0; 0
0; 0
0; 0
0; 0
0; 0
0; 0
0; 0
0; 0
0; 0
0; 0
0; 0
0; 0
0; 0
0; 0
0; 0
0; 0
0; 0
0; 0
0; 0
0; 0
0; 0
0; 0
0; 0
0; 0
0; 0
0; 0
0; 0
0; 0
0; 0
0; 0
0; 0
0; 0
0; 0
0; 0
0; 0
0; 0
0; 0
0; 0
0; 0
0; 0
0; 0
0; 0
0; 0
0; 0
0; 0
0; 0
0; 0
0; 0
0; 0
0; 0
0; 0
0; 0
0; 0
0; 0
0; 0
0; 0
0; 0
0; 0
0; 0
0; 0
0; 0
0; 0
0; 0
0; 0
0; 0
0; 0
0; 0
0; 0
0; 0
0; 0
0; 0
0; 0
0; 0
0; 0
0; 0
0; 0
0; 0
0; 0
0; 0
0; 0
0; 0
0; 0
0; 0
0; 0
0; 0
0; 0
0; 0
0; 0
0; 0
0; 0
0; 0
0; 0
0; 0
0; 0
0; 0
0; 0
0; 0
0; 0
0; 0
0; 0
0; 0
0; 0
0; 0
0; 0
0; 0
0; 0
0; 0
0; 0
0; 0
0; 0
0; 0
0; 0
0; 0
0; 0
0; 0
0; 0
0; 0
0; 0
0; 0
0; 0
0; 0
0; 0
0; 0
0; 0
0; 0
0; 0
0; 0
0; 0
0; 0
0; 0
0; 0
0; 0
0; 0
0; 0
0; 0
0; 0
0; 0
0; 0
0; 0
0; 0
0; 0
0; 0
0; 0
0; 0
0; 0
0; 0
0; 0
0; 0
0; 0
0; 0
0; 0
0; 0
0; 0
0; 0
0; 0
0; 0
0; 0
0; 0
0; 0
0; 0
0; 0
0; 0
0; 0
0; 0
0; 0
0; 0
0; 0
0; 0
0; 0
0; 0
0; 0
0; 0
0; 0
0; 0
0; 0
0; 0
0; 0
0; 0
0; 0
0; 0
0; 0
0; 0
0; 0
0; 0
0; 0
0; 0
0; 0
0; 0
0; 0
0; 0
0; 0
0; 0
0; 0
0; 0
0; 0
0; 0
0; 0
0; 0
0; 0
0; 0
0; 0
0; 0
0; 0
0; 0
0; 0
0; 0
0; 0
0; 0
0; 0
0; 0
0; 0
0; 0
0; 0
0; 0
0; 0
0; 0
0; 0
0; 0
0; 0
0; 0
0; 0
0; 0
0; 0
0; 0
0; 0
0; 0
0; 0
0; 0
0; 0
0; 0
0; 0
0; 0
0; 0
0; 0
0; 0
0; 0
0; 0
0; 0
0; 0
0; 0
0; 0
0; 0
0; 0
0; 0
0; 0
0; 0
0; 0
0; 0
0; 0
0; 0
0; 0
0; 0
0; 0
0; 0
0; 0
0; 0
0; 0
0; 0
0; 0
0; 0
0; 0
0; 0
0; 0
0; 0
0; 0
0; 0
0; 0
0; 0
0; 0
0; 0
0; 0
0; 0
0; 0
0; 0
0; 0
0; 0
0; 0
0; 0
0; 0
0; 0
0; 0
0; 0
0; 0
0; 0
0; 0
0; 0
0; 0
0; 0
0; 0
0; 0
0; 0
0; 0
0; 0
0; 0
0; 0
0; 0
0; 0
0; 0
0; 0
0; 0
0; 0
0; 0
0; 0
0; 0
0; 0
0; 0
0; 0
0; 0
0; 0
0; 0
0; 0
0; 0
0; 0
0; 0
0; 0
0; 0
0; 0
0; 0
0; 0
0; 0
0; 0
0; 0
0; 0
0; 0
0; 0
0; 0
0; 0
0; 0
0; 0
0; 0
0; 0
0; 0
0; 0
0; 0
0; 0
0; 0
0; 0
0; 0
0; 0
0; 0
0; 0
0; 0
0; 0
0; 0
0; 0
0; 0
0; 0
0; 0
0; 0
0; 0
0; 0
0; 0
0; 0
0; 0
0; 0
0; 0
0; 0
0; 0
0; 0
0; 0
0; 0
0; 0
0; 0
0; 0
0; 0
0; 0
0; 0
0; 0
0; 0
0; 0
0; 0
0; 0
0; 0
0; 0
0; 0
0; 0
0; 0
0; 0
0; 0
0; 0
0; 0
0; 0
0; 0
0; 0
0; 0
0; 0
0; 0
0; 0
0; 0
0; 0
0; 0
0; 0
0; 0
0; 0
0; 0
0; 0
0; 0
0; 0
0; 0
0; 0
0; 0
0; 0
0; 0
0; 0
0; 0
0; 0
0; 0
0; 0
0; 0
0; 0
0; 0
0; 0
0; 0
0; 0
0; 0
0; 0
0; 0
0; 0
0; 0
0; 0
0; 0
0; 0
0; 0
0; 0
0; 0
0; 0
0; 0
0; 0
0; 0
0; 0
0; 0
0; 0
0; 0
0; 0
0; 0
0; 0
0; 0
0; 0
0; 0
0; 0
0; 0
0; 0
0; 0
0; 0
0; 0
0; 0
0; 0
0; 0
0; 0
0; 0
0; 0
0; 0
0; 0
0; 0
0; 0
0; 0
0; 0
0; 0
0; 0
0; 0
0; 0
0; 0
0; 0
0; 0
0; 0
0; 0
0; 0
0; 0
0; 0
0; 0
0; 0
0; 0
0; 0
0; 0
0; 0
0; 0
0; 0
0; 0
0; 0
0; 0
0; 0
0; 0
0; 0
0; 0
0; 0
0; 0
0; 0
0; 0
0; 0
0; 0
0; 0
0; 0
0; 0
0; 0
0; 0
0; 0
0; 0
1; 0
0; 0
0; 0
0; 0
0; 0
0; 0
0; 0
0; 0
0; 0
0; 0
0; 0
0; 0
0; 0
0; 0
0; 0
0; 0
0; 0
0; 0
0; 0
0; 0
0; 0
0; 0
0; 0
0; 0
0; 0
0; 0
0; 0
0; 0
0; 0
0; 0
0; 0
0; 0
0; 0
0; 0
0; 0
0; 0
0; 0
